{
	"context": "client",
	"identifier": "com.pa.raevn.rfloatframe",
	"display_name": "Floating Framework",
	"description": "Framework for creating draggable UI containers",
	"author": "LavaSnake, raevn, wondible",
	"version": "2.2",
	"build": "82369",
	"date": "2015/06/07",
	"signature": "not yet implemented",
	"forum": "https://forums.uberent.com/threads/rel-floating-framework-v2-0-73737.65658/",
	"category": [
		"framework",
		"ui"
	],
	"priority": 20,
	"scenes": {
		"global_mod_list": [
			"coui://ui/mods/rFloatFrame/rFloatFrame.css",
			"coui://ui/mods/rFloatFrame/rFloatFrame.js"
		],
		"live_game": [
			"coui://ui/mods/rFloatFrame/LiveGamePrep.js"
		]
	},
	"enabled": true
}