{
    "context": "client",
    "identifier": "com.pa.superouman.betterSkybox",
    "display_name": "Better Skybox",
    "description": "A better skybox.",
    "author": "superouman",
    "version": "1.0",
    "build": "59549",
    "date": "2014/02/11",
    "signature": "not yet implemented",
    "forum": "https://forums.uberent.com/threads/unofficial-papa-file-format.46767/page-4#post-869999",
    "category": [
        "In-game"
    ],
    "id": "superouman_betterSkybox",
    "priority": 100,
    "enabled": true
}