{
	"context": "client",
	"identifier": "com.pa.raevn.rcommanderhp",
	"display_name": "Commander HUD",
	"description": "Adds a HUD that tracks your commander's health and more!",
	"author": "LavaSnake, raevn, and others",
	"version": "3.3",
	"build": "73737",
	"date": "2014/10/30",
	"signature": "not yet implemented",
	"forum": "https://forums.uberent.com/threads/wip-commander-hud-v3.59137/",
	"category": [
		"in-game",
		"ui"
	],
	"priority": 100,
	"scenes": {
		"LiveGame_FloatZone": [
			"coui://ui/mods/rCommanderHP/rCommanderHP.css",
			"coui://ui/mods/rCommanderHP/rCommanderHP.js"
		]
	},
	"icon": "http://pamods.github.io/icons/ComHUDIcon.png",
	"enabled": true,
	"dependencies": [
		"com.pa.raevn.rfloatframe"
	]
}