{
    "context": "client",
    "identifier": "com.pa.LavaSnake.ProfilePicFixer",
    "display_name": "ProfilePic+",
    "description": "A powerful mod that lets you set a profile picture, a tracking/sig picture, and custom HTML snippets for PA's main menu.",
    "author": "LavaSnake",
    "version": "2.3",
    "build": "72996",
    "date": "2014/10/08",
    "signature": "not yet implemented",
    "forum": "https://forums.uberent.com/threads/rel-profile-pic-fixer-56387.53531/",
    "category": [
        "Main Menu",
        "ui"
    ],
    "priority": 100,
    "start": [
        "coui://ui/mods/LavaSnakes_ProfilePicFixer/ProfilePicFixer.js"
    ],
    "settings": [
        "coui://ui/mods/LavaSnakes_ProfilePicFixer/Settings.js"
    ],
    "icon": "https://raw.githubusercontent.com/pamods/LavaSnake-s-Mods/master/Releases%20and%20Icons/ProfilePicPlus.png",
    "enabled": true
}